City,Link,Time,Temperature F,Temperature C
Accra,https://www.timeanddate.com/weather/ghana/accra,2026-01-01 19:02:00,82,27.77777777777778
Addis Ababa,https://www.timeanddate.com/weather/ethiopia/addis-ababa,2026-01-01 22:02:00,72,22.22222222222222
Adelaide,https://www.timeanddate.com/weather/australia/adelaide,2026-01-01 04:32:00,63,17.22222222222222
Algiers,https://www.timeanddate.com/weather/algeria/algiers,2026-01-01 20:02:00,75,23.88888888888889
Almaty,https://www.timeanddate.com/weather/kazakstan/almaty,2026-01-01 00:02:00,68,20.0
Amman,https://www.timeanddate.com/weather/jordan/amman,2026-01-01 22:02:00,77,25.0
Amsterdam,https://www.timeanddate.com/weather/netherlands/amsterdam,2026-01-01 21:02:00,70,21.11111111111111
Anadyr,https://www.timeanddate.com/weather/russia/anadyr,2026-01-01 07:02:00,54,12.222222222222223
Anchorage,https://www.timeanddate.com/weather/usa/anchorage,2026-01-01 11:02:00,55,12.777777777777779
Ankara,https://www.timeanddate.com/weather/turkey/ankara,2026-01-01 22:02:00,70,21.11111111111111
Antananarivo,https://www.timeanddate.com/weather/madagascar/antananarivo,2026-01-01 22:02:00,55,12.777777777777779
Asuncion,https://www.timeanddate.com/weather/paraguay/asuncion,2026-01-01 16:02:00,64,17.77777777777778
Athens,https://www.timeanddate.com/weather/greece/athens,2026-01-01 22:02:00,80,26.666666666666668
Atlanta,https://www.timeanddate.com/weather/usa/atlanta,2026-01-01 15:02:00,69,20.555555555555557
Auckland,https://www.timeanddate.com/weather/new-zealand/auckland,2026-01-01 07:02:00,50,10.0
Baghdad,https://www.timeanddate.com/weather/iraq/baghdad,2026-01-01 22:02:00,101,38.333333333333336
Bangkok,https://www.timeanddate.com/weather/thailand/bangkok,2026-01-01 02:02:00,79,26.11111111111111
Barcelona,https://www.timeanddate.com/weather/spain/barcelona,2026-01-01 21:02:00,79,26.11111111111111
Beijing,https://www.timeanddate.com/weather/china/beijing,2026-01-01 03:02:00,66,18.88888888888889
Beirut,https://www.timeanddate.com/weather/lebanon/beirut,2026-01-01 22:02:00,87,30.555555555555557
Belgrade,https://www.timeanddate.com/weather/serbia/belgrade,2026-01-01 21:02:00,70,21.11111111111111
Bengaluru,https://www.timeanddate.com/weather/india/bengaluru,2026-01-01 00:32:00,77,25.0
Berlin,https://www.timeanddate.com/weather/germany/berlin,2026-01-01 21:02:00,70,21.11111111111111
Bogota,https://www.timeanddate.com/weather/colombia/bogota,2026-01-01 14:02:00,64,17.77777777777778
Boston,https://www.timeanddate.com/weather/usa/boston,2026-01-01 15:02:00,76,24.444444444444446
Brasilia,https://www.timeanddate.com/weather/brazil/brasilia,2026-01-01 16:02:00,81,27.222222222222225
Brisbane,https://www.timeanddate.com/weather/australia/brisbane,2026-01-01 05:02:00,60,15.555555555555557
Brussels,https://www.timeanddate.com/weather/belgium/brussels,2026-01-01 21:02:00,72,22.22222222222222
Bucharest,https://www.timeanddate.com/weather/romania/bucharest,2026-01-01 22:02:00,72,22.22222222222222
Budapest,https://www.timeanddate.com/weather/hungary/budapest,2026-01-01 21:02:00,77,25.0
Buenos Aires,https://www.timeanddate.com/weather/argentina/buenos-aires,2026-01-01 16:02:00,64,17.77777777777778
Cairo,https://www.timeanddate.com/weather/egypt/cairo,2026-01-01 22:02:00,84,28.88888888888889
Calgary,https://www.timeanddate.com/weather/canada/calgary,2026-01-01 13:02:00,73,22.77777777777778
Canberra,https://www.timeanddate.com/weather/australia/canberra,2026-01-01 05:02:00,48,8.88888888888889
Cape Town,https://www.timeanddate.com/weather/south-africa/cape-town,2026-01-01 21:02:00,57,13.88888888888889
Caracas,https://www.timeanddate.com/weather/venezuela/caracas,2026-01-01 15:02:00,84,28.88888888888889
Casablanca,https://www.timeanddate.com/weather/morocco/casablanca,2026-01-01 20:02:00,72,22.22222222222222
Chicago,https://www.timeanddate.com/weather/usa/chicago,2026-01-01 14:02:00,73,22.77777777777778
Copenhagen,https://www.timeanddate.com/weather/denmark/copenhagen,2026-01-01 21:02:00,57,13.88888888888889
Dallas,https://www.timeanddate.com/weather/usa/dallas,2026-01-01 14:02:00,85,29.444444444444446
Dar es Salaam,https://www.timeanddate.com/weather/tanzania/dar-es-salaam,2026-01-01 22:02:00,75,23.88888888888889
Darwin,https://www.timeanddate.com/weather/australia/darwin,2026-01-01 04:32:00,75,23.88888888888889
Denver,https://www.timeanddate.com/weather/usa/denver,2026-01-01 13:02:00,82,27.77777777777778
Detroit,https://www.timeanddate.com/weather/usa/detroit,2026-01-01 15:02:00,76,24.444444444444446
Dhaka,https://www.timeanddate.com/weather/bangladesh/dhaka,2026-01-01 01:02:00,84,28.88888888888889
Doha,https://www.timeanddate.com/weather/qatar/doha,2026-01-01 22:02:00,97,36.111111111111114
Dubai,https://www.timeanddate.com/weather/united-arab-emirates/dubai,2026-01-01 23:02:00,90,32.22222222222222
